{
    "rmse": 0.8050385204457425,
    "mae": 0.6596629853557003,
    "r2": 0.008291953156643994
}